Event,Remark,Protocols,event_type,count_rows
ABCESS,LF,NA,unknown,50
ABCESS,LF CRONI,NA,unknown,2
ABCESS,LFRF,NA,unknown,4
ABCESS,LFRF ABC,NA,unknown,1
ABCESS,LR,NA,unknown,47
ABCESS,LRLF,NA,unknown,1
ABCESS,LRRR,NA,unknown,1
ABCESS,NALGAS,NA,unknown,1
ABCESS,PESCUSO,NA,unknown,1
ABCESS,RF,NA,unknown,78
ABCESS,RF CRONC,NA,unknown,2
ABCESS,RFLF,NA,unknown,1
ABCESS,RR,NA,unknown,52
ABCESS,RR CRONI,NA,unknown,1
ABCESS,RRRF,NA,unknown,1
ABCESS,NA,NA,unknown,1
ABORT,10 DAYS,NA,repro,1
ABORT,10.9.25,NA,repro,2
ABORT,100 DAYS,NA,repro,1
ABORT,102 DAYS,NA,repro,2
ABORT,103 DAYS,NA,repro,1
ABORT,104 DAYS,NA,repro,1
ABORT,105 DAYS,NA,repro,2
ABORT,106 DAYS,NA,repro,7
ABORT,107 DAYS,NA,repro,1
ABORT,108 DAYS,NA,repro,1
ABORT,109 DAYS,NA,repro,2
ABORT,11 DAYS,NA,repro,1
ABORT,110 DAYS,NA,repro,1
ABORT,111 DAYS,NA,repro,2
ABORT,113 DAYS,NA,repro,4
ABORT,116 DAYS,NA,repro,1
ABORT,117 DAYS,NA,repro,1
ABORT,118 DAYS,NA,repro,1
ABORT,119 DAYS,NA,repro,2
ABORT,12 DAYS,NA,repro,1
ABORT,120 DAYS,NA,repro,2
ABORT,122,NA,repro,1
ABORT,122 DAYS,NA,repro,3
ABORT,126 DAYS,NA,repro,1
ABORT,127 DAYS,NA,repro,2
ABORT,131 DAYS,NA,repro,3
ABORT,137 DAYS,NA,repro,1
ABORT,138 DAYS,NA,repro,2
ABORT,139 DAYS,NA,repro,2
ABORT,140 DAYS,NA,repro,3
ABORT,141 DAYS,NA,repro,40
ABORT,142 DAYS,NA,repro,1
ABORT,143 DAYS,NA,repro,3
ABORT,144 DAYS,NA,repro,3
ABORT,145 DAYS,NA,repro,4
ABORT,146 DAYS,NA,repro,5
ABORT,147 DAYS,NA,repro,7
ABORT,148 DAYS,NA,repro,5
ABORT,149 DAYS,NA,repro,2
ABORT,15 DAYS,NA,repro,4
ABORT,150 DAYS,NA,repro,3
ABORT,151 DAYS,NA,repro,5
ABORT,152 DAYS,NA,repro,2
ABORT,153 DAYS,NA,repro,2
ABORT,154 DAYS,NA,repro,1
ABORT,155 DAYS,NA,repro,1
ABORT,158 DAYS,NA,repro,1
ABORT,159 DAYS,NA,repro,1
ABORT,16 DAYS,NA,repro,1
ABORT,162 DAYS,NA,repro,2
ABORT,164 DAYS,NA,repro,1
ABORT,165 DAYS,NA,repro,1
ABORT,166 DAYS,NA,repro,1
ABORT,167 DAYS,NA,repro,2
ABORT,168 DAYS,NA,repro,2
ABORT,17 DAYS,NA,repro,1
ABORT,170 DAYS,NA,repro,2
ABORT,172 DAYS,NA,repro,1
ABORT,173 DAYS,NA,repro,2
ABORT,175 DAYS,NA,repro,1
ABORT,176 DAYS,NA,repro,1
ABORT,179 DAYS,NA,repro,2
ABORT,18 DAYS,NA,repro,5
ABORT,180 DAYS,NA,repro,2
ABORT,183 DAYS,NA,repro,1
ABORT,184 DAYS,NA,repro,1
ABORT,185 DAYS,NA,repro,3
ABORT,186 DAYS,NA,repro,1
ABORT,187 DAYS,NA,repro,1
ABORT,19 DAYS,NA,repro,1
ABORT,190 DAYS,NA,repro,3
ABORT,191 DAYS,NA,repro,2
ABORT,192 DAYS,NA,repro,2
ABORT,193 DAYS,NA,repro,3
ABORT,194 DAYS,NA,repro,4
ABORT,197 DAYS,NA,repro,1
ABORT,198 DAYS,NA,repro,2
ABORT,199 DAYS,NA,repro,1
ABORT,20 DAYS,NA,repro,6
ABORT,201 DAYS,NA,repro,4
ABORT,202 DAYS,NA,repro,3
ABORT,203 DAYS,NA,repro,1
ABORT,205 DAYS,NA,repro,1
ABORT,206 DAYS,NA,repro,3
ABORT,207 DAYS,NA,repro,1
ABORT,208 DAYS,NA,repro,4
ABORT,209 DAYS,NA,repro,2
ABORT,21 DAYS,NA,repro,1
ABORT,210 DAYS,NA,repro,4
ABORT,211 DAYS,NA,repro,1
ABORT,212 DAYS,NA,repro,1
ABORT,214 DAYS,NA,repro,5
ABORT,216 DAYS,NA,repro,2
ABORT,218 DAYS,NA,repro,2
ABORT,219 DAYS,NA,repro,1
ABORT,22 DAYS,NA,repro,9
ABORT,220 DAYS,NA,repro,6
ABORT,221 DAYS,NA,repro,2
ABORT,222 DAYS,NA,repro,10
ABORT,223 DAYS,NA,repro,17
ABORT,224 DAYS,NA,repro,3
ABORT,225 DAYS,NA,repro,5
ABORT,226 DAYS,NA,repro,1
ABORT,228 DAYS,NA,repro,3
ABORT,229 DAYS,NA,repro,4
ABORT,23 DAYS,NA,repro,3
ABORT,230 DAYS,NA,repro,7
ABORT,231 DAYS,NA,repro,2
ABORT,233 DAYS,NA,repro,2
ABORT,234 DAYS,NA,repro,2
ABORT,23470 DA,NA,repro,1
ABORT,235 DAYS,NA,repro,6
ABORT,237 DAYS,NA,repro,4
ABORT,238 DAYS,NA,repro,2
ABORT,239 DAYS,NA,repro,6
ABORT,24 DAYS,NA,repro,4
ABORT,240 DAYS,NA,repro,13
ABORT,241 DAYS,NA,repro,6
ABORT,242 DAYS,NA,repro,2
ABORT,243 DAYS,NA,repro,2
ABORT,244 DAYS,NA,repro,6
ABORT,245 DAYS,NA,repro,4
ABORT,246 DAYS,NA,repro,2
ABORT,247 DAYS,NA,repro,6
ABORT,248 DAYS,NA,repro,2
ABORT,249 DAYS,NA,repro,2
ABORT,25 DAYS,NA,repro,1
ABORT,250 DAYS,NA,repro,6
ABORT,251 DAYS,NA,repro,6
ABORT,252 DAYS,NA,repro,2
ABORT,253 DAYS,NA,repro,4
ABORT,255 DAYS,NA,repro,4
ABORT,257 DAYS,NA,repro,6
ABORT,259 DAYS,NA,repro,2
ABORT,26 DAYS,NA,repro,5
ABORT,260 DAYS,NA,repro,3
ABORT,264 DAYS,NA,repro,2
ABORT,265 DAYS,NA,repro,1
ABORT,266 DAYS,NA,repro,4
ABORT,268 DAYS,NA,repro,2
ABORT,269 DAYS,NA,repro,2
ABORT,27 DAYS,NA,repro,3
ABORT,271 DAYS,NA,repro,1
ABORT,277 DAYS,NA,repro,3
ABORT,28 DAYS,NA,repro,6
ABORT,282 DAYS,NA,repro,2
ABORT,285 DAYS,NA,repro,1
ABORT,29 DAYS,NA,repro,12
ABORT,290 DAYS,NA,repro,2
ABORT,292 DAYS,NA,repro,4
ABORT,295 DAYS,NA,repro,1
ABORT,299 DAYS,NA,repro,1
ABORT,30,NA,repro,2
ABORT,30 DAYS,NA,repro,6
ABORT,300 DAYS,NA,repro,1
ABORT,31 DAYS,NA,repro,5
ABORT,317 DAYS,NA,repro,1
ABORT,319 DAYS,NA,repro,2
ABORT,32 DAYS,NA,repro,4
ABORT,33 DAYS,NA,repro,7
ABORT,335 DAYS,NA,repro,1
ABORT,34 DAYS,NA,repro,5
ABORT,35 DAYS,NA,repro,6
ABORT,36 DAYS,NA,repro,37
ABORT,37 DAYS,NA,repro,6
ABORT,38 DAYS,NA,repro,6
ABORT,39 DAYS,NA,repro,1
ABORT,40 DAYS,NA,repro,6
ABORT,41 DAYS,NA,repro,8
ABORT,42 DAYS,NA,repro,16
ABORT,43 DAYS,NA,repro,23
ABORT,44 DAYS,NA,repro,7
ABORT,45 DAYS,NA,repro,7
ABORT,46 DAYS,NA,repro,6
ABORT,47 DAYS,NA,repro,7
ABORT,48 DAYS,NA,repro,6
ABORT,49 DAYS,NA,repro,8
ABORT,50 DAYS,NA,repro,15
ABORT,51 DAYS,NA,repro,6
ABORT,52 DAYS,NA,repro,5
ABORT,53 DAYS,NA,repro,6
ABORT,54 DAYS,NA,repro,7
ABORT,55 DAYS,NA,repro,8
ABORT,56 DAYS,NA,repro,8
ABORT,57 DAYS,NA,repro,17
ABORT,58 DAYS,NA,repro,4
ABORT,59 DAYS,NA,repro,10
ABORT,60 DAYS,NA,repro,2
ABORT,61 DAYS,NA,repro,4
ABORT,62 DAYS,NA,repro,3
ABORT,63 DAYS,NA,repro,4
ABORT,64 DAYS,NA,repro,15
ABORT,65 DAYS,NA,repro,4
ABORT,66 DAYS,NA,repro,5
ABORT,67 DAYS,NA,repro,5
ABORT,68 DAYS,NA,repro,5
ABORT,69 DAYS,NA,repro,6
ABORT,70 DAYS,NA,repro,5
ABORT,71 DAYS,NA,repro,12
ABORT,72 DAYS,NA,repro,3
ABORT,73 DAYS,NA,repro,2
ABORT,74 DAYS,NA,repro,1
ABORT,76 DAYS,NA,repro,4
ABORT,77 DAYS,NA,repro,6
ABORT,78 DAYS,NA,repro,9
ABORT,79 DAYS,NA,repro,5
ABORT,80 DAYS,NA,repro,4
ABORT,81 DAYS,NA,repro,2
ABORT,82 DAYS,NA,repro,1
ABORT,83 DAYS,NA,repro,1
ABORT,84 DAYS,NA,repro,5
ABORT,85 DAYS,NA,repro,10
ABORT,86 DAYS,NA,repro,1
ABORT,87 DAYS,NA,repro,4
ABORT,88 DAYS,NA,repro,1
ABORT,89 DAYS,NA,repro,3
ABORT,9 DAYS,NA,repro,1
ABORT,91 DAYS,NA,repro,3
ABORT,92 DAYS,NA,repro,10
ABORT,93 DAYS,NA,repro,1
ABORT,94 DAYS,NA,repro,2
ABORT,95 DAYS,NA,repro,2
ABORT,97 DAYS,NA,repro,3
ABORT,98 DAYS,NA,repro,6
ABORT,99 DAYS,NA,repro,9
ABORT,BEEF,NA,repro,58
ABORT,BRED,NA,repro,2
ABORT,DNB,NA,repro,147
ABORT,FAT,NA,repro,1
ABORT,HEAT,NA,repro,2
ABORT,L2,NA,repro,7
ABORT,OPEN,NA,repro,1
ABORT,TWINS,NA,repro,3
ABORT,WASBRED,NA,repro,49
APOYO,CAL1.1,Bovicalc.PO,unknown,127
APOYO,FLU1.15,BANAMINE.IV,unknown,5
APOYO,YMCP1.5,YMCP.PO,unknown,412
APOYO,NA,NA,unknown,1
BLOODY,AL,NA,health,1
BLOODY,ALL,NA,health,71
BLOODY,LF,NA,health,30
BLOODY,LFLR,NA,health,1
BLOODY,LFRF,NA,health,4
BLOODY,LR,NA,health,133
BLOODY,LRLF,NA,health,2
BLOODY,LRRR,NA,health,9
BLOODY,RF,NA,health,36
BLOODY,RR,NA,health,167
BLOODY,RRRF,NA,health,9
BLOODY,TT,NA,health,1
BLOODY,NA,NA,health,3
BORN,AC,NA,phase_parameter,20
BORN,AC-DOA,NA,phase_parameter,1
BORN,AK,NA,phase_parameter,1
BORN,AL,NA,phase_parameter,3496
BORN,AL-DOA,NA,phase_parameter,29
BORN,AL-DT,NA,phase_parameter,1
BORN,AL;,NA,phase_parameter,12
BORN,ALO,NA,phase_parameter,1
BORN,C,NA,phase_parameter,1
BORN,CR,NA,phase_parameter,695
BORN,CR-DOA,NA,phase_parameter,9
BORN,CR-GV,NA,phase_parameter,1
BORN,D,NA,phase_parameter,2
BORN,DANIELLE,NA,phase_parameter,1
BORN,DN,NA,phase_parameter,1
BORN,DT,NA,phase_parameter,429
BORN,DT-AL,NA,phase_parameter,1
BORN,DT-DOA,NA,phase_parameter,3
BORN,DT-GV,NA,phase_parameter,4
BORN,EP,NA,phase_parameter,3
BORN,FP,NA,phase_parameter,129
BORN,FP-DOA,NA,phase_parameter,1
BORN,FP[,NA,phase_parameter,1
BORN,G,NA,phase_parameter,1
BORN,GG,NA,phase_parameter,1
BORN,GM,NA,phase_parameter,86
BORN,GM-DOA,NA,phase_parameter,1
BORN,GV,NA,phase_parameter,2209
BORN,GV-DOA,NA,phase_parameter,19
BORN,L,NA,phase_parameter,1
BORN,L8I,NA,phase_parameter,1
BORN,LI,NA,phase_parameter,578
BORN,LI-DOA,NA,phase_parameter,3
BORN,LIU,NA,phase_parameter,1
BORN,M,NA,phase_parameter,3
BORN,MG,NA,phase_parameter,768
BORN,MG-DOA,NA,phase_parameter,8
BORN,MGH,NA,phase_parameter,1
BORN,ML,NA,phase_parameter,12
BORN,MNG,NA,phase_parameter,1
BORN,NF,NA,phase_parameter,1
BORN,QAL,NA,phase_parameter,2
BORN,RS,NA,phase_parameter,1
BORN,SL,NA,phase_parameter,203
BORN,SL-DOA,NA,phase_parameter,1
BORN,TM,NA,phase_parameter,23
BORN,VET,NA,phase_parameter,1
BORN,NA,NA,phase_parameter,8926
BRED,151A1698,NA,repro,8
BRED,151AN1616,NA,repro,1125
BRED,151AN1698,NA,repro,2320
BRED,151AN1733,NA,repro,6210
BRED,151AN1734,NA,repro,491
BRED,151AN1762,NA,repro,2478
BRED,151AN1833,NA,repro,1003
BRED,253MO7289,NA,repro,1
BRED,501H16540,NA,repro,10
BRED,501H16828,NA,repro,1
BRED,501H16881,NA,repro,1
BRED,501H17109,NA,repro,12
BRED,501H17130,NA,repro,1
BRED,507H17418,NA,repro,3
BRED,51H44588,NA,repro,1
BRED,551AN1474,NA,repro,1
BRED,551AN1520,NA,repro,20
BRED,551AN1615,NA,repro,5
BRED,551H3665,NA,repro,1
BRED,551H3741,NA,repro,6
BRED,551H3841,NA,repro,11
BRED,551H4224,NA,repro,315
BRED,551H4251,NA,repro,31
BRED,551H4254,NA,repro,7
BRED,551H4267,NA,repro,507
BRED,551H4305,NA,repro,18
BRED,551H4375,NA,repro,20
BRED,551H4468,NA,repro,75
BRED,551H4588,NA,repro,214
BRED,551H4654,NA,repro,1068
BRED,551H4703,NA,repro,1442
BRED,551H4803,NA,repro,4
BRED,551H4822,NA,repro,144
BRED,551H4827,NA,repro,3
BRED,551H4905,NA,repro,1621
BRED,551H4907,NA,repro,26
BRED,551H4944,NA,repro,59
BRED,551H5241,NA,repro,1314
BRED,551H5371,NA,repro,92
BRED,551H5455,NA,repro,1430
BRED,551H5462,NA,repro,581
BRED,551H5467,NA,repro,362
BRED,551H5599,NA,repro,857
BRED,551H5857,NA,repro,1
BRED,551H5875,NA,repro,414
BRED,551H6095,NA,repro,981
BRED,551H6151,NA,repro,2
BRED,551H6193,NA,repro,8
BRED,551H6214,NA,repro,505
BRED,551H6387,NA,repro,71
BRED,551J1762,NA,repro,4
BRED,596H10250,NA,repro,37
BRED,BEEF,NA,repro,1
BRED,BULL,NA,repro,30
BULLPEN,NA,NA,repro,1
CALFVAC,NA,NA,vac,3964
CALVINJ,FLU1.15,NA,unknown,2
CALVINJ,PEN4BAN2,PENG BAN,unknown,30
CHECK,2QUARTER,NA,repro,1
CHECK,2TEAT,NA,repro,1
CHECK,2TEATER,NA,repro,1
CHECK,ABO,NA,repro,1
CHECK,ABORT,NA,repro,147
CHECK,ABOY,NA,repro,1
CHECK,ADH,NA,repro,1
CHECK,AI,NA,repro,1
CHECK,BADFEET,NA,repro,1
CHECK,BLIND,NA,repro,2
CHECK,BREED,NA,repro,3
CHECK,BULL,NA,repro,4
CHECK,CANCER,NA,repro,3
CHECK,CANCREYE,NA,repro,1
CHECK,CHRONIC,NA,repro,4
CHECK,CROSS,NA,repro,1
CHECK,CYB,NA,repro,5
CHECK,CYL,NA,repro,60
CHECK,CYR,NA,repro,113
CHECK,CYSTIC,NA,repro,1
CHECK,DADDEAD,NA,repro,1
CHECK,DEAD,NA,repro,37
CHECK,DIGESTIV,NA,repro,1
CHECK,DNB,NA,repro,9
CHECK,DNB?,NA,repro,1
CHECK,EDEMALUT,NA,repro,2
CHECK,EID,NA,repro,2
CHECK,EYE WART,NA,repro,1
CHECK,F30,NA,repro,1
CHECK,F40,NA,repro,12
CHECK,F40LUT,NA,repro,3
CHECK,F50,NA,repro,8
CHECK,F50LUT,NA,repro,1
CHECK,F60,NA,repro,3
CHECK,F70,NA,repro,2
CHECK,F90,NA,repro,1
CHECK,FACE INJ,NA,repro,1
CHECK,FL40,NA,repro,4
CHECK,FLEMART,NA,repro,1
CHECK,FRNTSHOL,NA,repro,1
CHECK,GNM$,NA,repro,1
CHECK,HEAT,NA,repro,4
CHECK,HORNS,NA,repro,2
CHECK,IA,NA,repro,10
CHECK,INJ,NA,repro,2
CHECK,INJ-CUT,NA,repro,1
CHECK,INJBACK,NA,repro,1
CHECK,MASS,NA,repro,1
CHECK,MAST,NA,repro,1
CHECK,MOMJ,NA,repro,1
CHECK,NO HEAT,NA,repro,1
CHECK,NOTREA,NA,repro,1
CHECK,NOTREAT,NA,repro,1
CHECK,PAYO,NA,repro,3
CHECK,PG?,NA,repro,10
CHECK,PG?HEAT,NA,repro,2
CHECK,PINK EYE,NA,repro,1
CHECK,PINKEYE,NA,repro,3
CHECK,PP30,NA,repro,1
CHECK,RIGHTEYE,NA,repro,1
CHECK,SALE,NA,repro,1
CHECK,SALE?,NA,repro,2
CHECK,SCAR,NA,repro,1
CHECK,SCARS,NA,repro,7
CHECK,SCART,NA,repro,2
CHECK,SCCENUC?,NA,repro,1
CHECK,SELL,NA,repro,1
CHECK,SELLCRON,NA,repro,1
CHECK,SHLDRINJ,NA,repro,1
CHECK,SOMAHIGH,NA,repro,1
CHECK,SUCKER,NA,repro,1
CHECK,SWALNJAW,NA,repro,1
CHECK,TRIPLE,NA,repro,1
CHECK,UDDER,NA,repro,3
CHECK,NA,NA,repro,1279
COMMENT,LO,NA,unknown,1
COMMENT,LOW,NA,unknown,431
COMMENT,NA,NA,unknown,418
CULL,SYSNOHEA,NA,management,1
CULTURE,ALL,S.AUREUS,health,149
CULTURE,ALL3,S.AUREUS,health,1
CULTURE,C/LF,Clinical,health,9
CULTURE,C/LR,Clinical,health,3
CULTURE,C/LR,NA,health,1
CULTURE,C/RF,Clinical,health,8
CULTURE,C/RR,Clinical,health,11
CULTURE,E/C/LR,Clinical,health,1
CULTURE,E/C/LR,NA,health,1
CULTURE,E/C/RF,Clinical,health,3
CULTURE,E/LF,Clinical,health,70
CULTURE,E/LF,NA,health,9
CULTURE,E/LR,Clinical,health,75
CULTURE,E/LR,NA,health,16
CULTURE,E/RF,Clinical,health,48
CULTURE,E/RF,NA,health,9
CULTURE,E/RR,Clinical,health,67
CULTURE,E/RR,NA,health,16
CULTURE,K/I/LF,Clinical,health,2
CULTURE,K/I/LF,NA,health,1
CULTURE,K/I/LR,Clinical,health,3
CULTURE,K/I/RF,Clinical,health,2
CULTURE,K/I/RR,Clinical,health,3
CULTURE,L/LF,Clinical,health,68
CULTURE,L/LR,Clinical,health,74
CULTURE,L/RF,Clinical,health,47
CULTURE,L/RR,Clinical,health,63
CULTURE,LR,Clinical,health,1
CULTURE,N/A,NA,health,12
CULTURE,N/LF,Clinical,health,67
CULTURE,N/LF,NA,health,11
CULTURE,N/LR,Clinical,health,64
CULTURE,N/LR,NA,health,18
CULTURE,N/RF,Clinical,health,49
CULTURE,N/RF,NA,health,1
CULTURE,N/RR,Clinical,health,56
CULTURE,N/RR,NA,health,10
CULTURE,R/LF,Clinical,health,3
CULTURE,R/RF,Clinical,health,1
CULTURE,R/RR,Clinical,health,1
CULTURE,S/E/LF,Clinical,health,2
CULTURE,S/E/LR,NA,health,2
CULTURE,S/E/RF,Clinical,health,4
CULTURE,S/E/RR,Clinical,health,2
CULTURE,S/E/RR,NA,health,1
CULTURE,S/LF,Clinical,health,25
CULTURE,S/LF,NA,health,2
CULTURE,S/LR,Clinical,health,21
CULTURE,S/LR,NA,health,3
CULTURE,S/RF,Clinical,health,27
CULTURE,S/RF,NA,health,3
CULTURE,S/RR,Clinical,health,19
CULTURE,S/RR,NA,health,4
CULTURE,U/E/LF,Clinical,health,1
CULTURE,Z/LF,Clinical,health,23
CULTURE,Z/LF,NA,health,4
CULTURE,Z/LR,Clinical,health,18
CULTURE,Z/LR,NA,health,4
CULTURE,Z/RF,Clinical,health,25
CULTURE,Z/RF,NA,health,3
CULTURE,Z/RR,Clinical,health,25
CULTURE,Z/RR,NA,health,6
DA,DA NT,DA No treat,health,2
DA,PEN5.50G,PEN G/GLYCOL,health,4
DA,PLY3.25,POLYFLEX.IM,health,24
DAIRY,CROSS,NA,unknown,7
DAIRY,HEALTH,NA,unknown,2
DELAY,NA,NA,unknown,3
DIARHEA,ALB2.1.1,ALBON ORALl,health,4
DIARHEA,BLOAT,NO DRUGS,health,23
DIARHEA,BLOOAT,NO DRUGS,health,5
DIARHEA,FLU1.15,NA,health,1
DIARHEA,NODRUGS,NO DRUGS,health,1754
DIARHEA,ULSERAS,NO DRUGS,health,30
DIARHEA,ULSERAS,NA,health,1
DIARHEA,ULSERSS,NO DRUGS,health,1
DIARHEA,NA,BloodyGut,health,1
DIED,BLOAT,NA,lact_parameter,3
DIED,BLOODYGU,NA,lact_parameter,1
DIED,BLOT,NA,lact_parameter,210
DIED,BLOT ///,NA,lact_parameter,1
DIED,BLOTPLGD,NA,lact_parameter,1
DIED,BORNINJ,NA,lact_parameter,2
DIED,CALV,NA,lact_parameter,1
DIED,CALVINJ,NA,lact_parameter,4
DIED,CANCER,NA,lact_parameter,2
DIED,CANGRENE,NA,lact_parameter,1
DIED,CANSER,NA,lact_parameter,8
DIED,CAVING,NA,lact_parameter,1
DIED,CHOKE,NA,lact_parameter,1
DIED,CLOST,NA,lact_parameter,16
DIED,CLOSTRID,NA,lact_parameter,1
DIED,DEFORMED,NA,lact_parameter,1
DIED,DIAR,NA,lact_parameter,21
DIED,DOWN,NA,lact_parameter,63
DIED,DOWN INJ,NA,lact_parameter,1
DIED,DOWN MF,NA,lact_parameter,4
DIED,DOWNSPLI,NA,lact_parameter,1
DIED,DWNCALVI,NA,lact_parameter,1
DIED,EXTANCIN,NA,lact_parameter,1
DIED,IN-TIRE,NA,lact_parameter,1
DIED,INJ,NA,lact_parameter,119
DIED,INJ LEG,NA,lact_parameter,3
DIED,INJ-LEGS,NA,lact_parameter,1
DIED,INJHUNG,NA,lact_parameter,1
DIED,INJLEG,NA,lact_parameter,1
DIED,INJWELLS,NA,lact_parameter,1
DIED,LAME,NA,lact_parameter,1
DIED,LEGS,NA,lact_parameter,2
DIED,MAST,NA,lact_parameter,70
DIED,METR,NA,lact_parameter,1
DIED,MF,NA,lact_parameter,11
DIED,OTHER,NA,lact_parameter,15
DIED,OTHR,NA,lact_parameter,2
DIED,PLUGED,NA,lact_parameter,1
DIED,PNEU,NA,lact_parameter,272
DIED,PREMATUR,NA,lact_parameter,1
DIED,PROLAPSE,NA,lact_parameter,1
DIED,STKBALES,NA,lact_parameter,1
DIED,STROKE,NA,lact_parameter,1
DIED,TUBED,NA,lact_parameter,1
DIED,ULSERAS,NA,lact_parameter,1
DNB,.,NA,repro,1
DNB,0LD,NA,repro,1
DNB,2TEATS,NA,repro,1
DNB,ANGUS,NA,repro,3
DNB,BBLUE,NA,repro,1
DNB,CANCER,NA,repro,2
DNB,CANSER,NA,repro,1
DNB,CRAZY,NA,repro,1
DNB,DMB,NA,repro,1
DNB,DNB,NA,repro,190
DNB,EDEMA,NA,repro,1
DNB,FAT,NA,repro,16
DNB,FM,NA,repro,1
DNB,FREEMART,NA,repro,115
DNB,HUBRE,NA,repro,14
DNB,IA,NA,repro,2
DNB,LOW MILK,NA,repro,1
DNB,NO BRED,NA,repro,3
DNB,NOBBRD,NA,repro,1
DNB,NOBEED,NA,repro,1
DNB,NOBRD,NA,repro,6
DNB,NOBREBD,NA,repro,1
DNB,NOBRED,NA,repro,25
DNB,OLD,NA,repro,2
DNB,SCARS,NA,repro,5
DNB,SKINNY,NA,repro,1
DNB,UDDER,NA,repro,3
DNB,NA,NA,repro,2158
DOWN,ADH,DOWN,health,1
DOWN,BLOOAT,DOWN,health,1
DOWN,CANSER,DOWN,health,2
DOWN,DAH,DOWN,health,1
DOWN,DIARHEA,DOWN,health,1
DOWN,FEEDLANE,DOWN,health,1
DOWN,FLU1.15,NA,health,28
DOWN,INJ,DOWN,health,1
DOWN,INJURY,DOWN,health,10
DOWN,INYURY,DOWN,health,2
DOWN,MAST,DOWN,health,2
DOWN,MF,DOWN,health,2
DOWN,NJURY,DOWN,health,1
DOWN,NO.MIK,DOWN,health,1
DOWN,NPARLOR,DOWN,health,1
DOWN,NT,DOWN,health,144
DOWN,NTSPLITS,DOWN,health,1
DOWN,PARLOR,DOWN,health,15
DOWN,PEN,DOWN,health,1
DOWN,PEN16,DOWN,health,1
DOWN,PEN=3,DOWN,health,1
DOWN,PEN=7,DOWN,health,1
DOWN,RAMP,DOWN,health,1
DOWN,RR LEG,DOWN,health,2
DOWN,RRINJURY,DOWN,health,1
DOWN,SPLITS,DOWN,health,6
DOWN,SPLTS,DOWN,health,1
DOWN,TENDONES,DOWN,health,2
DOWN,TRANFRLN,DOWN,health,5
DOWN,ULSERAS,DOWN,health,3
DRY,DRYCLX,DRYLCOX.IMM,lact_parameter,1
DRY,NT 02.16,Dry Soma NT,lact_parameter,42
DRY,ORBENIN-,ORBEN_DRY.IMM,lact_parameter,9
DRY,SPECT-DC,SPECTROMASTDC,lact_parameter,5724
FAT,ANGUS,NA,unknown,1
FAT,CROSS,NA,unknown,2
FAT,DNB,NA,unknown,10
FAT,FAT,NA,unknown,7
FAT,X,NA,unknown,3
FAT,XFAT,NA,unknown,6
FAT,NA,NA,unknown,466
FOOTROT,ALB2.1.1,ALBON ORAL,health,2
FOOTROT,FLU1.15,NA,health,2
FOOTROT,NO TX,NA,health,4
FOOTROT,PEN4ALB3,PEN.ALB,health,3
FOOTROT,XCD1.20,EXCEDE,health,147
FRSTBIT,ALL,FROST,unknown,1
FRSTBIT,ALL NT,FROST,unknown,2
FRSTBIT,LF,FROST,unknown,1
FRSTBIT,LFRR,FROST,unknown,1
FRSTBIT,LR TEAT,FROST,unknown,1
FRSTBIT,LRRR,FROST,unknown,2
FRSTBIT,NT LR,FROST,unknown,1
FRSTBIT,NTALL,FROST,unknown,1
FRSTBIT,NTLR,FROST,unknown,1
FRSTBIT,NTRR,FROST,unknown,1
FRSTBIT,RF NT,FROST,unknown,1
GOHOME,0,NA,management,3066
GOHOME,OPEN?,NA,management,1
GOHOME,NA,NA,management,1405
HEAT,BOBRED,NA,repro,1
HEAT,DNB,NA,repro,52
HEAT,DNY,NA,repro,1
HEAT,NO BRED,NA,repro,2
HEAT,NOBED,NA,repro,1
HEAT,NOBRED,NA,repro,5
HEAT,OPEN,NA,repro,1
HEAT,NA,NA,repro,48
INJURY,BADLEGS,No Treat,health,1
INJURY,DOWN,No Treat,health,1
INJURY,EYE INJU,No Treat,health,2
INJURY,FLU1.15,NA,health,6
INJURY,FLU2D,banamine,health,19
INJURY,LAME,No Treat,health,1
INJURY,LEG,No Treat,health,3
INJURY,LEG LR,No Treat,health,1
INJURY,LEG RF,No Treat,health,2
INJURY,LEG RR,No Treat,health,1
INJURY,LEGRF,No Treat,health,1
INJURY,LF LEG,No Treat,health,13
INJURY,LF TEAT,No Treat,health,4
INJURY,LR,NA,health,1
INJURY,LR INJ,No Treat,health,1
INJURY,LR LEG,No Treat,health,20
INJURY,LR LEG I,No Treat,health,1
INJURY,LR NT,No Treat,health,1
INJURY,LR TEAT,No Treat,health,1
INJURY,LRINYURY,No Treat,health,1
INJURY,NRF LEG,No Treat,health,1
INJURY,NT,No Treat,health,21
INJURY,NT,NA,health,3
INJURY,NT DOWN,No Treat,health,1
INJURY,NT LFLEG,No Treat,health,1
INJURY,NT.RR,No Treat,health,1
INJURY,NTLEG,No Treat,health,1
INJURY,NTRR,No Treat,health,1
INJURY,NTRR LEG,No Treat,health,1
INJURY,PEN3.50B,PENG3 BAN2,health,5
INJURY,RF LEG,No Treat,health,5
INJURY,RF TEAT,No Treat,health,3
INJURY,RR,No Treat,health,1
INJURY,RR LEG,No Treat,health,33
INJURY,RR LRG,No Treat,health,1
INJURY,RRLEG,No Treat,health,1
INJURY,RRNT LEG,No Treat,health,1
INJURY,STANTION,No Treat,health,1
INJURY,TEAT,NA,health,1
INJURY,TEAT LF,No Treat,health,1
INJURY,TEAT LR,No Treat,health,1
INJURY,TEAT.RF,No Treat,health,1
INJURY,TRUCK?,No Treat,health,1
KETOSIS,GLY3.300,GLYCOL,health,3
LAME,BACKLEGS,NA,health,1
LAME,BLKTRFII,ToeNecrsAbsce,health,1
LAME,BLKULFII,Sole Ulcer,health,1
LAME,BLKURFII,Sole Ulcer,health,1
LAME,BLKURRII,Sole Ulcer,health,1
LAME,FLU1.15,NA,health,4
LAME,INJ,Leg-AboveFoot,health,1
LAME,LA200,NA,health,2
LAME,NONZRFII,ThinSoleOverw,health,1
LAME,XXXLLRII,Leg-AboveFoot,health,1
LAME,XXXLRFII,Leg-AboveFoot,health,3
LAME,XXXLRFLF,Leg-AboveFoot,health,1
LAME,XXXLRRII,Leg-AboveFoot,health,2
LOWBAG,NA,NA,unknown,300
MAST,.C3LF,SPECTRA-LC.IM,health,1
MAST,.C3LR.,SPECTRA-LC.IM,health,1
MAST,.TXLF.,NO TREATMENT,health,2
MAST,.TXRF.,NO TREATMENT,health,2
MAST,ALL,NO TREATMENT,health,1
MAST,ALL NT,NO TREATMENT,health,4
MAST,FLU1.15,NA,health,22
MAST,LFLR,NO TREATMENT,health,2
MAST,LFLRSELL,NO TREATMENT,health,1
MAST,LFRR,NO TREATMENT,health,1
MAST,LR NT,NO TREATMENT,health,2
MAST,LR RF NT,NO TREATMENT,health,1
MAST,LRLF,NO TREATMENT,health,3
MAST,LRLF NT,NO TREATMENT,health,4
MAST,LRRF,NO TREATMENT,health,1
MAST,LRRR NT,NO TREATMENT,health,4
MAST,LRRRNT,NO TREATMENT,health,1
MAST,NLRLF.,NO TREATMENT,health,1
MAST,NOTLRLF,NO TREATMENT,health,1
MAST,NOTX RRR,NO TREATMENT,health,1
MAST,NOTXALL,NO TREATMENT,health,26
MAST,NOTXALL.,NO TREATMENT,health,2
MAST,NOTXL3.0,NO TREATMENT,health,1
MAST,NOTXLF,NO TREATMENT,health,6
MAST,NOTXLF.,NO TREATMENT,health,273
MAST,NOTXLF.1,NO TREATMENT,health,129
MAST,NOTXLFLR,NO TREATMENT,health,11
MAST,NOTXLFRF,NO TREATMENT,health,1
MAST,NOTXLFRR,NO TREATMENT,health,1
MAST,NOTXLR,NO TREATMENT,health,11
MAST,NOTXLR.,NO TREATMENT,health,315
MAST,NOTXLR.1,NO TREATMENT,health,123
MAST,NOTXLRLF,NO TREATMENT,health,2
MAST,NOTXLRRR,NO TREATMENT,health,5
MAST,NOTXRALL,NO TREATMENT,health,1
MAST,NOTXRF,NO TREATMENT,health,13
MAST,NOTXRF.,NO TREATMENT,health,282
MAST,NOTXRF.1,NO TREATMENT,health,90
MAST,NOTXRFLF,NO TREATMENT,health,13
MAST,NOTXRFLR,NO TREATMENT,health,2
MAST,NOTXRFRR,NO TREATMENT,health,18
MAST,NOTXRR,NO TREATMENT,health,8
MAST,NOTXRR.,NO TREATMENT,health,325
MAST,NOTXRR.1,NO TREATMENT,health,113
MAST,NOTXRR.2,NO TREATMENT,health,1
MAST,NOTXRR.3,NO TREATMENT,health,2
MAST,NOTXRRLF,NO TREATMENT,health,1
MAST,NOTXRRLR,NO TREATMENT,health,3
MAST,NOTXRRRF,NO TREATMENT,health,4
MAST,NOTXRRRR,NO TREATMENT,health,2
MAST,NT ALL,NO TREATMENT,health,4
MAST,NT LFLR,NO TREATMENT,health,4
MAST,NT LFRF,NO TREATMENT,health,1
MAST,NT LFRR,NO TREATMENT,health,2
MAST,NT LRLF,NO TREATMENT,health,4
MAST,NT LRRR,NO TREATMENT,health,1
MAST,NT RF,NO TREATMENT,health,2
MAST,NT RRLR,NO TREATMENT,health,2
MAST,NT RRRF,NO TREATMENT,health,5
MAST,NTLRLF,NO TREATMENT,health,1
MAST,RFLF,NO TREATMENT,health,1
MAST,RFRRNT,NO TREATMENT,health,1
MAST,RRLR,NO TREATMENT,health,1
MAST,RRLR NT,NO TREATMENT,health,1
MAST,RRRF,NO TREATMENT,health,2
MAST,SLC3ALL,SPECTRA-LC.IM,health,33
MAST,SLC3LF,SPECTRA-LC.IM,health,6
MAST,SLC3LF.,SPECTRA-LC.IM,health,267
MAST,SLC3LF.1,SPECTRA-LC.IM,health,40
MAST,SLC3LFLR,SPECTRA-LC.IM,health,7
MAST,SLC3LFRF,SPECTRA-LC.IM,health,3
MAST,SLC3LR,SPECTRA-LC.IM,health,12
MAST,SLC3LR.,SPECTRA-LC.IM,health,214
MAST,SLC3LR.1,SPECTRA-LC.IM,health,28
MAST,SLC3LRLF,SPECTRA-LC.IM,health,4
MAST,SLC3LRRF,SPECTRA-LC.IM,health,1
MAST,SLC3LRRR,SPECTRA-LC.IM,health,3
MAST,SLC3RALL,SPECTRA-LC.IM,health,1
MAST,SLC3RF,SPECTRA-LC.IM,health,6
MAST,SLC3RF.,SPECTRA-LC.IM,health,206
MAST,SLC3RF.1,SPECTRA-LC.IM,health,38
MAST,SLC3RFLF,SPECTRA-LC.IM,health,2
MAST,SLC3RFLR,SPECTRA-LC.IM,health,2
MAST,SLC3RFRR,SPECTRA-LC.IM,health,4
MAST,SLC3RR,SPECTRA-LC.IM,health,14
MAST,SLC3RR.,SPECTRA-LC.IM,health,240
MAST,SLC3RR.1,SPECTRA-LC.IM,health,36
MAST,SLC3RRLF,SPECTRA-LC.IM,health,1
MAST,SLC3RRLR,SPECTRA-LC.IM,health,4
MAST,SLC3RRRF,SPECTRA-LC.IM,health,1
MAST,SLCRF,SPECTRA-LC.IM,health,1
METR,EXD4.,EXCEDE-BOE,health,1
METR,EXD4.20,EXCEDE-BOE,health,145
METR,EXD4.20.,EXCEDE-BOE,health,1
METR,EXN5.25,EXENEL.IM,health,27
METR,PEN3.50,PEN G,health,141
METR,PLY3.25,POLYFLEX.IM,health,695
METR,PLY3.25.,POLYFLEX.IM,health,1
MF,CMPK,CMPK,health,9
MF,FLU1.15,NA,health,27
MF,YMCP1.5,YMCP.PO,health,104
MOVE,F000T020,NA,repro,1
MOVE,F001T002,NA,repro,48
MOVE,F001T003,NA,repro,2
MOVE,F001T004,NA,repro,4
MOVE,F001T006,NA,repro,10
MOVE,F001T007,NA,repro,27
MOVE,F001T010,NA,repro,59
MOVE,F001T014,NA,repro,2066
MOVE,F001T015,NA,repro,8
MOVE,F001T021,NA,repro,3
MOVE,F001T025,NA,repro,3
MOVE,F001T026,NA,repro,2
MOVE,F002T001,NA,repro,18
MOVE,F002T003,NA,repro,6
MOVE,F002T006,NA,repro,23
MOVE,F002T007,NA,repro,19
MOVE,F002T008,NA,repro,1
MOVE,F002T009,NA,repro,1
MOVE,F002T010,NA,repro,67
MOVE,F002T014,NA,repro,2534
MOVE,F002T021,NA,repro,4
MOVE,F002T025,NA,repro,4
MOVE,F002T026,NA,repro,1
MOVE,F003T001,NA,repro,1
MOVE,F003T002,NA,repro,11
MOVE,F003T004,NA,repro,2
MOVE,F003T006,NA,repro,9
MOVE,F003T007,NA,repro,4
MOVE,F003T008,NA,repro,4
MOVE,F003T009,NA,repro,2
MOVE,F003T010,NA,repro,372
MOVE,F003T011,NA,repro,1
MOVE,F003T014,NA,repro,510
MOVE,F003T015,NA,repro,18
MOVE,F003T021,NA,repro,26
MOVE,F003T023,NA,repro,10
MOVE,F003T025,NA,repro,7
MOVE,F003T026,NA,repro,10
MOVE,F004T001,NA,repro,4
MOVE,F004T003,NA,repro,6
MOVE,F004T007,NA,repro,314
MOVE,F004T008,NA,repro,33
MOVE,F004T009,NA,repro,32
MOVE,F004T010,NA,repro,128
MOVE,F004T011,NA,repro,42
MOVE,F004T012,NA,repro,25
MOVE,F004T015,NA,repro,4
MOVE,F004T016,NA,repro,1383
MOVE,F004T017,NA,repro,1330
MOVE,F004T021,NA,repro,18
MOVE,F004T025,NA,repro,3
MOVE,F004T026,NA,repro,2
MOVE,F006T001,NA,repro,56
MOVE,F006T002,NA,repro,63
MOVE,F006T003,NA,repro,307
MOVE,F006T004,NA,repro,139
MOVE,F006T007,NA,repro,901
MOVE,F006T008,NA,repro,1059
MOVE,F006T009,NA,repro,972
MOVE,F006T010,NA,repro,299
MOVE,F006T011,NA,repro,960
MOVE,F006T012,NA,repro,965
MOVE,F006T014,NA,repro,80
MOVE,F006T015,NA,repro,17
MOVE,F006T016,NA,repro,52
MOVE,F006T017,NA,repro,31
MOVE,F006T021,NA,repro,61
MOVE,F006T023,NA,repro,2
MOVE,F006T025,NA,repro,11
MOVE,F006T026,NA,repro,1
MOVE,F006T101,NA,repro,1
MOVE,F007T001,NA,repro,88
MOVE,F007T002,NA,repro,443
MOVE,F007T003,NA,repro,216
MOVE,F007T004,NA,repro,1
MOVE,F007T006,NA,repro,18
MOVE,F007T008,NA,repro,3
MOVE,F007T009,NA,repro,15
MOVE,F007T010,NA,repro,46
MOVE,F007T011,NA,repro,24
MOVE,F007T012,NA,repro,4
MOVE,F007T014,NA,repro,44
MOVE,F007T015,NA,repro,155
MOVE,F007T016,NA,repro,17
MOVE,F007T017,NA,repro,62
MOVE,F007T021,NA,repro,16
MOVE,F007T023,NA,repro,1
MOVE,F007T025,NA,repro,8
MOVE,F008T002,NA,repro,617
MOVE,F008T003,NA,repro,232
MOVE,F008T004,NA,repro,3
MOVE,F008T006,NA,repro,16
MOVE,F008T007,NA,repro,10
MOVE,F008T009,NA,repro,11
MOVE,F008T010,NA,repro,30
MOVE,F008T011,NA,repro,8
MOVE,F008T012,NA,repro,5
MOVE,F008T014,NA,repro,25
MOVE,F008T017,NA,repro,1
MOVE,F008T021,NA,repro,6
MOVE,F008T023,NA,repro,12
MOVE,F008T025,NA,repro,2
MOVE,F008T026,NA,repro,5
MOVE,F009T002,NA,repro,568
MOVE,F009T003,NA,repro,219
MOVE,F009T004,NA,repro,1
MOVE,F009T006,NA,repro,14
MOVE,F009T007,NA,repro,10
MOVE,F009T008,NA,repro,8
MOVE,F009T010,NA,repro,38
MOVE,F009T011,NA,repro,8
MOVE,F009T012,NA,repro,5
MOVE,F009T014,NA,repro,31
MOVE,F009T017,NA,repro,1
MOVE,F009T021,NA,repro,8
MOVE,F009T023,NA,repro,3
MOVE,F009T025,NA,repro,6
MOVE,F009T026,NA,repro,3
MOVE,F009T041,NA,repro,1
MOVE,F010T003,NA,repro,5
MOVE,F010T004,NA,repro,1
MOVE,F010T006,NA,repro,13
MOVE,F010T012,NA,repro,1
MOVE,F010T015,NA,repro,1
MOVE,F010T017,NA,repro,1
MOVE,F010T021,NA,repro,46
MOVE,F010T022,NA,repro,3
MOVE,F010T023,NA,repro,17
MOVE,F010T025,NA,repro,6
MOVE,F010T026,NA,repro,3
MOVE,F011T002,NA,repro,603
MOVE,F011T003,NA,repro,247
MOVE,F011T004,NA,repro,1
MOVE,F011T006,NA,repro,10
MOVE,F011T007,NA,repro,7
MOVE,F011T008,NA,repro,1
MOVE,F011T009,NA,repro,4
MOVE,F011T010,NA,repro,32
MOVE,F011T012,NA,repro,29
MOVE,F011T014,NA,repro,32
MOVE,F011T016,NA,repro,1
MOVE,F011T017,NA,repro,2
MOVE,F011T021,NA,repro,12
MOVE,F011T022,NA,repro,1
MOVE,F011T025,NA,repro,6
MOVE,F011T026,NA,repro,5
MOVE,F012T002,NA,repro,583
MOVE,F012T003,NA,repro,212
MOVE,F012T004,NA,repro,3
MOVE,F012T006,NA,repro,15
MOVE,F012T007,NA,repro,2
MOVE,F012T008,NA,repro,6
MOVE,F012T009,NA,repro,7
MOVE,F012T010,NA,repro,32
MOVE,F012T011,NA,repro,29
MOVE,F012T014,NA,repro,29
MOVE,F012T016,NA,repro,1
MOVE,F012T017,NA,repro,1
MOVE,F012T021,NA,repro,7
MOVE,F012T023,NA,repro,2
MOVE,F012T025,NA,repro,5
MOVE,F012T026,NA,repro,5
MOVE,F013T008,NA,repro,1
MOVE,F013T021,NA,repro,13
MOVE,F013T025,NA,repro,20
MOVE,F013T026,NA,repro,1
MOVE,F013T030,NA,repro,5
MOVE,F013T033,NA,repro,3
MOVE,F013T034,NA,repro,1
MOVE,F014T003,NA,repro,3
MOVE,F014T004,NA,repro,1
MOVE,F014T006,NA,repro,25
MOVE,F014T007,NA,repro,1
MOVE,F014T009,NA,repro,1
MOVE,F014T010,NA,repro,22
MOVE,F014T013,NA,repro,1
MOVE,F014T021,NA,repro,12
MOVE,F014T022,NA,repro,75
MOVE,F014T025,NA,repro,8
MOVE,F014T554,NA,repro,1
MOVE,F015T001,NA,repro,1338
MOVE,F015T003,NA,repro,23
MOVE,F015T004,NA,repro,1
MOVE,F015T006,NA,repro,7
MOVE,F015T007,NA,repro,1
MOVE,F015T010,NA,repro,218
MOVE,F015T014,NA,repro,4
MOVE,F015T016,NA,repro,2
MOVE,F015T021,NA,repro,1
MOVE,F015T023,NA,repro,2
MOVE,F015T025,NA,repro,1
MOVE,F015T026,NA,repro,1
MOVE,F016T001,NA,repro,425
MOVE,F016T003,NA,repro,2
MOVE,F016T004,NA,repro,10
MOVE,F016T006,NA,repro,21
MOVE,F016T007,NA,repro,3
MOVE,F016T010,NA,repro,16
MOVE,F016T014,NA,repro,60
MOVE,F016T015,NA,repro,836
MOVE,F016T017,NA,repro,30
MOVE,F016T021,NA,repro,3
MOVE,F016T023,NA,repro,1
MOVE,F016T025,NA,repro,4
MOVE,F016T026,NA,repro,3
MOVE,F017T001,NA,repro,407
MOVE,F017T004,NA,repro,5
MOVE,F017T006,NA,repro,7
MOVE,F017T007,NA,repro,7
MOVE,F017T010,NA,repro,14
MOVE,F017T014,NA,repro,63
MOVE,F017T015,NA,repro,761
MOVE,F017T016,NA,repro,29
MOVE,F017T021,NA,repro,7
MOVE,F017T025,NA,repro,2
MOVE,F017T026,NA,repro,2
MOVE,F018T004,NA,repro,1
MOVE,F018T019,NA,repro,668
MOVE,F018T021,NA,repro,13
MOVE,F018T023,NA,repro,61
MOVE,F018T025,NA,repro,1
MOVE,F018T550,NA,repro,1
MOVE,F018T555,NA,repro,1
MOVE,F019T004,NA,repro,1
MOVE,F019T006,NA,repro,1
MOVE,F019T018,NA,repro,99
MOVE,F019T020,NA,repro,40
MOVE,F019T021,NA,repro,13
MOVE,F019T023,NA,repro,29
MOVE,F019T025,NA,repro,7
MOVE,F019T031,NA,repro,25
MOVE,F019T032,NA,repro,1
MOVE,F020T018,NA,repro,5
MOVE,F020T021,NA,repro,4
MOVE,F020T050,NA,repro,1
MOVE,F020T100,NA,repro,1
MOVE,F020T150,NA,repro,2
MOVE,F020T546,NA,repro,1
MOVE,F020T547,NA,repro,1
MOVE,F021T001,NA,repro,1
MOVE,F021T003,NA,repro,1
MOVE,F021T004,NA,repro,1
MOVE,F021T006,NA,repro,18
MOVE,F021T007,NA,repro,1
MOVE,F021T010,NA,repro,15
MOVE,F021T013,NA,repro,11
MOVE,F021T014,NA,repro,1
MOVE,F021T018,NA,repro,26
MOVE,F021T019,NA,repro,20
MOVE,F021T020,NA,repro,84
MOVE,F021T023,NA,repro,40
MOVE,F021T025,NA,repro,1
MOVE,F021T026,NA,repro,11
MOVE,F021T030,NA,repro,4
MOVE,F021T031,NA,repro,4
MOVE,F021T033,NA,repro,1
MOVE,F021T034,NA,repro,1
MOVE,F021T041,NA,repro,1
MOVE,F021T048,NA,repro,1
MOVE,F021T537,NA,repro,8
MOVE,F021T538,NA,repro,11
MOVE,F021T539,NA,repro,23
MOVE,F021T540,NA,repro,3
MOVE,F021T541,NA,repro,9
MOVE,F021T543,NA,repro,6
MOVE,F021T544,NA,repro,2
MOVE,F021T545,NA,repro,14
MOVE,F021T546,NA,repro,20
MOVE,F021T547,NA,repro,4
MOVE,F021T548,NA,repro,3
MOVE,F021T550,NA,repro,1
MOVE,F021T552,NA,repro,1
MOVE,F021T553,NA,repro,1
MOVE,F021T556,NA,repro,3
MOVE,F022T003,NA,repro,1
MOVE,F022T010,NA,repro,27
MOVE,F022T013,NA,repro,720
MOVE,F022T021,NA,repro,13
MOVE,F022T023,NA,repro,2
MOVE,F022T025,NA,repro,1
MOVE,F022T030,NA,repro,122
MOVE,F022T031,NA,repro,44
MOVE,F022T032,NA,repro,54
MOVE,F022T033,NA,repro,400
MOVE,F022T034,NA,repro,314
MOVE,F022T035,NA,repro,261
MOVE,F022T544,NA,repro,1
MOVE,F023T003,NA,repro,15
MOVE,F023T021,NA,repro,29
MOVE,F023T030,NA,repro,75
MOVE,F023T031,NA,repro,17
MOVE,F023T032,NA,repro,35
MOVE,F023T033,NA,repro,129
MOVE,F023T034,NA,repro,92
MOVE,F023T035,NA,repro,120
MOVE,F023T554,NA,repro,25
MOVE,F023T555,NA,repro,51
MOVE,F024T031,NA,repro,39
MOVE,F024T032,NA,repro,35
MOVE,F024T035,NA,repro,7
MOVE,F025T002,NA,repro,1
MOVE,F025T003,NA,repro,2
MOVE,F025T006,NA,repro,3
MOVE,F025T010,NA,repro,2
MOVE,F025T014,NA,repro,2
MOVE,F025T017,NA,repro,1
MOVE,F025T020,NA,repro,1
MOVE,F025T021,NA,repro,508
MOVE,F025T022,NA,repro,3
MOVE,F025T023,NA,repro,1
MOVE,F025T026,NA,repro,162
MOVE,F025T033,NA,repro,1
MOVE,F025T040,NA,repro,1
MOVE,F026T002,NA,repro,2
MOVE,F026T003,NA,repro,3
MOVE,F026T006,NA,repro,1
MOVE,F026T010,NA,repro,2
MOVE,F026T014,NA,repro,2
MOVE,F026T015,NA,repro,1
MOVE,F026T019,NA,repro,1
MOVE,F026T021,NA,repro,196
MOVE,F026T022,NA,repro,7
MOVE,F026T023,NA,repro,15
MOVE,F026T025,NA,repro,4
MOVE,F030T021,NA,repro,3
MOVE,F030T031,NA,repro,26
MOVE,F030T033,NA,repro,2
MOVE,F030T035,NA,repro,1
MOVE,F031T016,NA,repro,1
MOVE,F031T021,NA,repro,5
MOVE,F031T025,NA,repro,1
MOVE,F031T030,NA,repro,1
MOVE,F031T032,NA,repro,2
MOVE,F031T033,NA,repro,1
MOVE,F031T035,NA,repro,1
MOVE,F032T016,NA,repro,1
MOVE,F032T021,NA,repro,7
MOVE,F032T025,NA,repro,1
MOVE,F032T033,NA,repro,21
MOVE,F032T034,NA,repro,5
MOVE,F032T035,NA,repro,10
MOVE,F033T021,NA,repro,4
MOVE,F033T025,NA,repro,1
MOVE,F033T030,NA,repro,15
MOVE,F033T034,NA,repro,2
MOVE,F033T035,NA,repro,1
MOVE,F033T555,NA,repro,1
MOVE,F034T021,NA,repro,7
MOVE,F034T025,NA,repro,4
MOVE,F034T030,NA,repro,1
MOVE,F035T021,NA,repro,6
MOVE,F035T025,NA,repro,3
MOVE,F035T034,NA,repro,3
MOVE,F040T041,NA,repro,4429
MOVE,F040T042,NA,repro,1
MOVE,F040T043,NA,repro,2
MOVE,F040T044,NA,repro,3
MOVE,F040T048,NA,repro,2
MOVE,F040T049,NA,repro,1
MOVE,F040T050,NA,repro,2
MOVE,F040T101,NA,repro,1
MOVE,F040T202,NA,repro,2
MOVE,F040T538,NA,repro,1
MOVE,F040T539,NA,repro,1
MOVE,F041T000,NA,repro,1
MOVE,F041T009,NA,repro,1
MOVE,F041T020,NA,repro,11
MOVE,F041T040,NA,repro,1
MOVE,F041T042,NA,repro,52
MOVE,F041T043,NA,repro,31
MOVE,F041T044,NA,repro,41
MOVE,F041T045,NA,repro,60
MOVE,F041T047,NA,repro,1
MOVE,F041T048,NA,repro,2
MOVE,F041T049,NA,repro,33
MOVE,F041T050,NA,repro,63
MOVE,F041T101,NA,repro,4
MOVE,F041T150,NA,repro,6
MOVE,F041T201,NA,repro,58
MOVE,F041T202,NA,repro,1
MOVE,F041T538,NA,repro,2
MOVE,F042T020,NA,repro,1
MOVE,F042T041,NA,repro,1
MOVE,F042T043,NA,repro,18
MOVE,F042T044,NA,repro,33
MOVE,F042T045,NA,repro,26
MOVE,F042T048,NA,repro,1
MOVE,F042T049,NA,repro,4
MOVE,F042T050,NA,repro,4
MOVE,F042T539,NA,repro,1
MOVE,F043T045,NA,repro,1
MOVE,F043T047,NA,repro,21
MOVE,F043T048,NA,repro,1
MOVE,F043T049,NA,repro,2
MOVE,F043T050,NA,repro,5
MOVE,F044T020,NA,repro,1
MOVE,F044T041,NA,repro,12
MOVE,F044T042,NA,repro,1
MOVE,F044T043,NA,repro,11
MOVE,F044T047,NA,repro,11
MOVE,F044T049,NA,repro,3
MOVE,F044T050,NA,repro,10
MOVE,F044T101,NA,repro,1
MOVE,F045T020,NA,repro,3
MOVE,F045T041,NA,repro,1
MOVE,F045T042,NA,repro,24
MOVE,F045T043,NA,repro,4
MOVE,F045T044,NA,repro,8
MOVE,F045T048,NA,repro,1
MOVE,F045T049,NA,repro,8
MOVE,F045T050,NA,repro,6
MOVE,F046T020,NA,repro,10
MOVE,F046T044,NA,repro,2
MOVE,F046T049,NA,repro,5
MOVE,F046T050,NA,repro,11
MOVE,F046T100,NA,repro,1
MOVE,F047T020,NA,repro,9
MOVE,F047T041,NA,repro,3
MOVE,F047T046,NA,repro,22
MOVE,F047T049,NA,repro,6
MOVE,F047T050,NA,repro,19
MOVE,F047T201,NA,repro,4
MOVE,F048T020,NA,repro,8
MOVE,F048T021,NA,repro,1
MOVE,F048T046,NA,repro,19
MOVE,F048T047,NA,repro,15
MOVE,F048T049,NA,repro,10
MOVE,F048T050,NA,repro,9
MOVE,F048T100,NA,repro,35
MOVE,F048T101,NA,repro,1
MOVE,F048T201,NA,repro,1
MOVE,F049T020,NA,repro,25
MOVE,F049T041,NA,repro,1
MOVE,F049T050,NA,repro,15
MOVE,F049T100,NA,repro,2
MOVE,F049T537,NA,repro,2
MOVE,F049T538,NA,repro,1
MOVE,F050T020,NA,repro,44
MOVE,F050T041,NA,repro,5
MOVE,F050T042,NA,repro,6
MOVE,F050T044,NA,repro,5
MOVE,F050T048,NA,repro,3
MOVE,F050T049,NA,repro,26
MOVE,F050T150,NA,repro,4
MOVE,F050T550,NA,repro,14
MOVE,F050T557,NA,repro,1
MOVE,F100T000,NA,repro,1
MOVE,F100T020,NA,repro,24
MOVE,F100T048,NA,repro,22
MOVE,F100T049,NA,repro,4
MOVE,F100T050,NA,repro,5
MOVE,F100T101,NA,repro,326
MOVE,F100T537,NA,repro,717
MOVE,F100T538,NA,repro,191
MOVE,F101T000,NA,repro,1
MOVE,F101T018,NA,repro,2
MOVE,F101T020,NA,repro,1
MOVE,F101T021,NA,repro,1
MOVE,F101T025,NA,repro,1
MOVE,F101T041,NA,repro,7
MOVE,F101T048,NA,repro,1
MOVE,F101T542,NA,repro,81
MOVE,F101T544,NA,repro,157
MOVE,F101T545,NA,repro,1
MOVE,F101T547,NA,repro,1
MOVE,F101T548,NA,repro,1
MOVE,F101T550,NA,repro,1
MOVE,F101T551,NA,repro,2
MOVE,F101T552,NA,repro,1
MOVE,F101T553,NA,repro,3
MOVE,F101T554,NA,repro,1
MOVE,F101T556,NA,repro,25
MOVE,F101T558,NA,repro,1
MOVE,F150T041,NA,repro,1
MOVE,F201T007,NA,repro,1
MOVE,F201T040,NA,repro,1
MOVE,F201T041,NA,repro,6
MOVE,F201T050,NA,repro,1
MOVE,F202T020,NA,repro,3
MOVE,F202T040,NA,repro,31
MOVE,F202T041,NA,repro,13
MOVE,F202T049,NA,repro,5
MOVE,F202T050,NA,repro,1
MOVE,F537T020,NA,repro,19
MOVE,F537T021,NA,repro,31
MOVE,F537T049,NA,repro,2
MOVE,F537T050,NA,repro,1
MOVE,F537T538,NA,repro,29
MOVE,F537T539,NA,repro,111
MOVE,F537T540,NA,repro,2
MOVE,F537T541,NA,repro,3
MOVE,F537T543,NA,repro,1
MOVE,F538T020,NA,repro,1
MOVE,F538T021,NA,repro,29
MOVE,F538T040,NA,repro,3
MOVE,F538T048,NA,repro,4
MOVE,F538T049,NA,repro,2
MOVE,F538T050,NA,repro,2
MOVE,F538T537,NA,repro,1
MOVE,F538T539,NA,repro,245
MOVE,F538T540,NA,repro,108
MOVE,F538T545,NA,repro,1
MOVE,F538T554,NA,repro,1
MOVE,F539T000,NA,repro,1
MOVE,F539T020,NA,repro,13
MOVE,F539T021,NA,repro,27
MOVE,F539T042,NA,repro,1
MOVE,F539T541,NA,repro,154
MOVE,F539T543,NA,repro,2
MOVE,F539T544,NA,repro,1
MOVE,F539T545,NA,repro,6
MOVE,F540T020,NA,repro,5
MOVE,F540T021,NA,repro,17
MOVE,F540T050,NA,repro,2
MOVE,F540T539,NA,repro,2
MOVE,F540T543,NA,repro,178
MOVE,F540T544,NA,repro,12
MOVE,F540T545,NA,repro,2
MOVE,F540T546,NA,repro,1
MOVE,F541T020,NA,repro,4
MOVE,F541T021,NA,repro,21
MOVE,F541T538,NA,repro,2
MOVE,F541T543,NA,repro,103
MOVE,F541T544,NA,repro,118
MOVE,F541T545,NA,repro,7
MOVE,F541T546,NA,repro,4
MOVE,F542T018,NA,repro,889
MOVE,F542T021,NA,repro,2
MOVE,F542T544,NA,repro,3
MOVE,F542T545,NA,repro,146
MOVE,F542T546,NA,repro,91
MOVE,F542T552,NA,repro,80
MOVE,F542T554,NA,repro,1
MOVE,F542T555,NA,repro,1
MOVE,F543T020,NA,repro,5
MOVE,F543T021,NA,repro,9
MOVE,F543T541,NA,repro,28
MOVE,F543T544,NA,repro,20
MOVE,F543T545,NA,repro,118
MOVE,F543T546,NA,repro,1
MOVE,F543T547,NA,repro,1
MOVE,F543T559,NA,repro,3
MOVE,F544T020,NA,repro,2
MOVE,F544T021,NA,repro,6
MOVE,F544T049,NA,repro,1
MOVE,F544T545,NA,repro,16
MOVE,F544T546,NA,repro,143
MOVE,F544T547,NA,repro,2
MOVE,F545T020,NA,repro,2
MOVE,F545T021,NA,repro,16
MOVE,F545T544,NA,repro,57
MOVE,F545T546,NA,repro,213
MOVE,F545T548,NA,repro,14
MOVE,F545T556,NA,repro,4
MOVE,F546T000,NA,repro,15
MOVE,F546T020,NA,repro,2
MOVE,F546T021,NA,repro,12
MOVE,F546T050,NA,repro,1
MOVE,F546T544,NA,repro,13
MOVE,F546T547,NA,repro,1
MOVE,F546T548,NA,repro,3
MOVE,F546T550,NA,repro,27
MOVE,F546T556,NA,repro,4
MOVE,F546T558,NA,repro,99
MOVE,F546T559,NA,repro,24
MOVE,F547T020,NA,repro,7
MOVE,F547T021,NA,repro,7
MOVE,F547T546,NA,repro,16
MOVE,F547T548,NA,repro,43
MOVE,F547T549,NA,repro,38
MOVE,F547T550,NA,repro,56
MOVE,F547T552,NA,repro,10
MOVE,F547T555,NA,repro,1
MOVE,F547T556,NA,repro,9
MOVE,F547T557,NA,repro,36
MOVE,F547T558,NA,repro,3
MOVE,F547T559,NA,repro,21
MOVE,F548T020,NA,repro,4
MOVE,F548T021,NA,repro,7
MOVE,F548T050,NA,repro,9
MOVE,F548T542,NA,repro,1
MOVE,F548T550,NA,repro,63
MOVE,F548T552,NA,repro,52
MOVE,F548T556,NA,repro,78
MOVE,F548T557,NA,repro,7
MOVE,F548T558,NA,repro,10
MOVE,F548T559,NA,repro,25
MOVE,F549T018,NA,repro,2
MOVE,F549T021,NA,repro,11
MOVE,F549T050,NA,repro,5
MOVE,F549T548,NA,repro,2
MOVE,F549T550,NA,repro,17
MOVE,F549T551,NA,repro,19
MOVE,F549T552,NA,repro,75
MOVE,F549T553,NA,repro,5
MOVE,F549T554,NA,repro,4
MOVE,F549T556,NA,repro,56
MOVE,F549T557,NA,repro,9
MOVE,F549T558,NA,repro,5
MOVE,F550T018,NA,repro,17
MOVE,F550T021,NA,repro,9
MOVE,F550T547,NA,repro,2
MOVE,F550T549,NA,repro,1
MOVE,F550T551,NA,repro,88
MOVE,F550T552,NA,repro,34
MOVE,F550T553,NA,repro,50
MOVE,F550T556,NA,repro,1
MOVE,F550T558,NA,repro,20
MOVE,F551T018,NA,repro,11
MOVE,F551T021,NA,repro,8
MOVE,F551T549,NA,repro,2
MOVE,F551T550,NA,repro,23
MOVE,F551T552,NA,repro,40
MOVE,F551T553,NA,repro,29
MOVE,F551T556,NA,repro,1
MOVE,F552T018,NA,repro,16
MOVE,F552T020,NA,repro,1
MOVE,F552T021,NA,repro,4
MOVE,F552T542,NA,repro,72
MOVE,F552T550,NA,repro,2
MOVE,F552T551,NA,repro,16
MOVE,F552T553,NA,repro,133
MOVE,F552T554,NA,repro,44
MOVE,F552T558,NA,repro,1
MOVE,F553T018,NA,repro,13
MOVE,F553T021,NA,repro,4
MOVE,F553T547,NA,repro,1
MOVE,F553T548,NA,repro,1
MOVE,F553T549,NA,repro,1
MOVE,F553T554,NA,repro,131
MOVE,F553T555,NA,repro,11
MOVE,F554T000,NA,repro,1
MOVE,F554T018,NA,repro,82
MOVE,F554T019,NA,repro,2
MOVE,F554T021,NA,repro,6
MOVE,F554T542,NA,repro,141
MOVE,F554T547,NA,repro,1
MOVE,F554T548,NA,repro,4
MOVE,F554T549,NA,repro,3
MOVE,F554T550,NA,repro,4
MOVE,F554T551,NA,repro,14
MOVE,F554T553,NA,repro,1
MOVE,F554T555,NA,repro,108
MOVE,F554T556,NA,repro,2
MOVE,F555T018,NA,repro,118
MOVE,F555T021,NA,repro,4
MOVE,F555T542,NA,repro,78
MOVE,F555T547,NA,repro,4
MOVE,F555T548,NA,repro,2
MOVE,F555T550,NA,repro,3
MOVE,F555T551,NA,repro,10
MOVE,F555T554,NA,repro,1
MOVE,F555T556,NA,repro,1
MOVE,F556T021,NA,repro,10
MOVE,F556T046,NA,repro,1
MOVE,F556T542,NA,repro,40
MOVE,F556T550,NA,repro,1
MOVE,F556T551,NA,repro,1
MOVE,F556T552,NA,repro,20
MOVE,F556T554,NA,repro,25
MOVE,F556T555,NA,repro,28
MOVE,F556T558,NA,repro,97
MOVE,F557T020,NA,repro,8
MOVE,F557T021,NA,repro,2
MOVE,F557T544,NA,repro,1
MOVE,F557T550,NA,repro,10
MOVE,F557T551,NA,repro,1
MOVE,F557T552,NA,repro,11
MOVE,F557T554,NA,repro,18
MOVE,F557T555,NA,repro,4
MOVE,F557T556,NA,repro,29
MOVE,F558T000,NA,repro,1
MOVE,F558T020,NA,repro,1
MOVE,F558T021,NA,repro,3
MOVE,F558T542,NA,repro,12
MOVE,F558T550,NA,repro,59
MOVE,F558T551,NA,repro,6
MOVE,F558T552,NA,repro,29
MOVE,F558T553,NA,repro,5
MOVE,F558T554,NA,repro,6
MOVE,F558T557,NA,repro,8
MOVE,F558T559,NA,repro,94
MOVE,F559T020,NA,repro,1
MOVE,F559T021,NA,repro,3
MOVE,F559T542,NA,repro,40
MOVE,F559T550,NA,repro,73
MOVE,F559T551,NA,repro,2
MOVE,F559T552,NA,repro,36
MOVE,F559T553,NA,repro,4
MOVE,F559T554,NA,repro,54
MOVE,F559T555,NA,repro,12
MOVE,F559T558,NA,repro,1
OK,-,NA,repro,3
OK,.....///,NA,repro,1
OK,ABCESS,NA,repro,2
OK,ABORT BR,NA,repro,1
OK,ADH,NA,repro,13
OK,ANGUS,NA,repro,5
OK,BD,NA,repro,71
OK,BD0306,NA,repro,1
OK,BD0313,NA,repro,1
OK,BD0314,NA,repro,1
OK,BD0404,NA,repro,1
OK,BD0523,NA,repro,2
OK,BD0524,NA,repro,1
OK,BD0605,NA,repro,1
OK,BD0612,NA,repro,1
OK,BD0714,NA,repro,1
OK,BD0808,NA,repro,1
OK,BD0829,NA,repro,1
OK,BD1010,NA,repro,1
OK,BD1101,NA,repro,1
OK,BD1112,NA,repro,1
OK,BEEF,NA,repro,11
OK,BEFF,NA,repro,2
OK,BESERRO,NA,repro,1
OK,BRED,NA,repro,75
OK,CANR EYE,NA,repro,2
OK,CANRER,NA,repro,1
OK,CANSER,NA,repro,9
OK,CAR EYE,NA,repro,6
OK,CARNER,NA,repro,1
OK,CASER,NA,repro,2
OK,CHEK CYR,NA,repro,1
OK,CNR EYE,NA,repro,27
OK,CNR NT,NA,repro,1
OK,CNREYE,NA,repro,1
OK,CNSER EY,NA,repro,1
OK,CRONICA,NA,repro,2
OK,CYL,NA,repro,1
OK,DRY SPC,NA,repro,1
OK,DURA,NA,repro,2
OK,GN,NA,repro,9749
OK,GNRH,NA,repro,9065
OK,GRANDE,NA,repro,4
OK,HT,NA,repro,32
OK,IA,NA,repro,1
OK,INJ,NA,repro,3
OK,INJ LF,NA,repro,1
OK,INJLEGRR,NA,repro,1
OK,INJURY,NA,repro,1
OK,IV,NA,repro,2
OK,L,NA,repro,1
OK,L2,NA,repro,5463
OK,LAME,NA,repro,33
OK,LAME LF,NA,repro,1
OK,LAME LR,NA,repro,1
OK,LAME NT,NA,repro,1
OK,LAME RF,NA,repro,1
OK,LAME RR,NA,repro,2
OK,LOCA,NA,repro,5
OK,LRINJLEG,NA,repro,1
OK,LUT,NA,repro,11780
OK,LUT2,NA,repro,3090
OK,LV,NA,repro,2
OK,MOMIA,NA,repro,3
OK,MUETA,NA,repro,1
OK,NO MIKK,NA,repro,1
OK,NO MILK,NA,repro,8
OK,NT,NA,repro,1
OK,PINK EYE,NA,repro,1
OK,RESTIRA,NA,repro,1
OK,RESTIRAD,NA,repro,5
OK,RONCADOR,NA,repro,1
OK,SCARS,NA,repro,2
OK,SHK,NA,repro,1
OK,SIEGA,NA,repro,1
OK,TENDONES,NA,repro,11
OK,UDDER,NA,repro,1
OK,WELL,NA,repro,1
OK,NA,NA,repro,306
OPEN,ABORT,NA,repro,1
OPEN,BD,NA,repro,47
OPEN,BD0304,NA,repro,1
OPEN,BD0619,NA,repro,1
OPEN,BD1203,NA,repro,1
OPEN,BEEF,NA,repro,131
OPEN,BRED,NA,repro,7
OPEN,CYL,NA,repro,2
OPEN,CYR,NA,repro,5
OPEN,DAD,NA,repro,1
OPEN,DEAD,NA,repro,95
OPEN,DNB,NA,repro,672
OPEN,DNB3,NA,repro,1
OPEN,GN,NA,repro,9
OPEN,HEAT,NA,repro,1
OPEN,HT,NA,repro,43
OPEN,IA,NA,repro,2
OPEN,L2,NA,repro,3443
OPEN,LUT,NA,repro,151
OPEN,MOMMY,NA,repro,1
OPEN,NO BRED,NA,repro,1
OPEN,NOBRED,NA,repro,1
OPEN,RECHECK,NA,repro,1
OPEN,SCARS,NA,repro,1
OPEN,NA,NA,repro,547
PINKEYE,FLU1.15,NA,health,1
PINKEYE,LAT4.35,NA,health,191
PINKEYE,PENI,NA,health,5
PINKEYE,SPC,NA,health,118
PINKEYE,SPC.,NA,health,1
PINKEYE,SPE5.1,SPECTROMAST,health,58
PNEU,BAY.S3,NA,health,595
PNEU,BAY.S3.,NA,health,1
PNEU,BIO4.35B,BIOMYCN4 BAN2,health,562
PNEU,BL,NA,health,8
PNEU,CANCREYE,POLYFLEX.IM,health,1
PNEU,CHRONIC,NT BEEF,health,47
PNEU,CHRONIC4,NT BEEF,health,1
PNEU,DRA1.1,Draxxin KP,health,556
PNEU,DRA1.1,draxxin,health,119
PNEU,DRAX0.9,NA,health,10
PNEU,FLU1.15,NA,health,42
PNEU,NUF3.6,nuflor,health,2679
PNEU,PLY3.15,POLYFLEX.IM,health,468
PNEU,PLY3.153,POLYFLEX.IM,health,1
PNEU,RF,NA,health,325
PNEU,RF.,NA,health,5
PNEU,XNL3.25,EXCENEL.Beef,health,235
PNEU,ZUPRV1.1,zuprevo,health,7
PNEU,NA,NA,health,8
PREG,102 DAYS,NA,repro,2
PREG,106 DAYS,NA,repro,1
PREG,109 DAYS,NA,repro,1
PREG,111 DAYS,NA,repro,1
PREG,112 DAYS,NA,repro,1
PREG,113 DAYS,NA,repro,1
PREG,116 DAYS,NA,repro,1
PREG,117 DAYS,NA,repro,1
PREG,120 DAYS,NA,repro,1
PREG,123 DAYS,NA,repro,2
PREG,130 DAYS,NA,repro,3
PREG,133 DAYS,NA,repro,2
PREG,134 DAYS,NA,repro,1
PREG,135 DAYS,NA,repro,1
PREG,137 DAYS,NA,repro,1
PREG,138 DAYS,NA,repro,1
PREG,139 DAYS,NA,repro,1
PREG,140 DAYS,NA,repro,2
PREG,144 DAYS,NA,repro,9
PREG,145 DAYS,NA,repro,6
PREG,146 DAYS,NA,repro,8
PREG,147 DAYS,NA,repro,8
PREG,148 DAYS,NA,repro,3
PREG,149 DAYS,NA,repro,4
PREG,150 DAYS,NA,repro,8
PREG,151 DAYS,NA,repro,2937
PREG,152 DAYS,NA,repro,466
PREG,153 DAYS,NA,repro,400
PREG,154 DAYS,NA,repro,370
PREG,155 DAYS,NA,repro,452
PREG,156 DAYS,NA,repro,536
PREG,157 DAYS,NA,repro,911
PREG,158 DAYS,NA,repro,383
PREG,159 DAYS,NA,repro,140
PREG,16 DAYS,NA,repro,1
PREG,160 DAYS,NA,repro,102
PREG,161 DAYS,NA,repro,118
PREG,162 DAYS,NA,repro,120
PREG,163 DAYS,NA,repro,138
PREG,164 DAYS,NA,repro,193
PREG,165 DAYS,NA,repro,49
PREG,166 DAYS,NA,repro,25
PREG,167 DAYS,NA,repro,20
PREG,168 DAYS,NA,repro,21
PREG,169 DAYS,NA,repro,16
PREG,170 DAYS,NA,repro,16
PREG,171 DAYS,NA,repro,23
PREG,172 DAYS,NA,repro,14
PREG,173 DAYS,NA,repro,8
PREG,174 DAYS,NA,repro,6
PREG,175 DAYS,NA,repro,9
PREG,176 DAYS,NA,repro,3
PREG,177 DAYS,NA,repro,8
PREG,178 DAYS,NA,repro,9
PREG,179 DAYS,NA,repro,11
PREG,180 DAYS,NA,repro,4
PREG,181 DAYS,NA,repro,8
PREG,182 DAYS,NA,repro,7
PREG,183 DAYS,NA,repro,9
PREG,184 DAYS,NA,repro,12
PREG,185 DAYS,NA,repro,9
PREG,186 DAYS,NA,repro,4
PREG,187 DAYS,NA,repro,3
PREG,188 DAYS,NA,repro,4
PREG,189 DAYS,NA,repro,5
PREG,190 DAYS,NA,repro,4
PREG,191 DAYS,NA,repro,7
PREG,192 DAYS,NA,repro,3
PREG,193 DAYS,NA,repro,7
PREG,194 DAYS,NA,repro,7
PREG,195 DAYS,NA,repro,4
PREG,196 DAYS,NA,repro,3
PREG,198 DAYS,NA,repro,2
PREG,199 DAYS,NA,repro,1
PREG,200 DAYS,NA,repro,1
PREG,203 DAYS,NA,repro,1
PREG,204 DAYS,NA,repro,2
PREG,205 DAYS,NA,repro,2
PREG,206 DAYS,NA,repro,5
PREG,207 DAYS,NA,repro,2
PREG,208 DAYS,NA,repro,1
PREG,209 DAYS,NA,repro,2
PREG,210 DAYS,NA,repro,3
PREG,211 DAYS,NA,repro,1
PREG,212 DAYS,NA,repro,3
PREG,213 DAYS,NA,repro,3
PREG,214 DAYS,NA,repro,8
PREG,215 DAYS,NA,repro,6
PREG,216 DAYS,NA,repro,3
PREG,217 DAYS,NA,repro,1
PREG,241 DAYS,NA,repro,1
PREG,29 DAYS,NA,repro,1
PREG,30 DAYS,NA,repro,1
PREG,31 DAYS,NA,repro,78
PREG,32 DAYS,NA,repro,3617
PREG,33 DAYS,NA,repro,512
PREG,34 DAYS,NA,repro,493
PREG,35 DAYS,NA,repro,605
PREG,36 DAYS,NA,repro,709
PREG,37 DAYS,NA,repro,774
PREG,38 DAYS,NA,repro,1205
PREG,39 DAYS,NA,repro,468
PREG,40 DAYS,NA,repro,310
PREG,41 DAYS,NA,repro,299
PREG,42 DAYS,NA,repro,234
PREG,43 DAYS,NA,repro,271
PREG,44 DAYS,NA,repro,270
PREG,45 DAYS,NA,repro,226
PREG,46 DAYS,NA,repro,164
PREG,47 DAYS,NA,repro,185
PREG,48 DAYS,NA,repro,227
PREG,49 DAYS,NA,repro,26
PREG,50 DAYS,NA,repro,30
PREG,51 DAYS,NA,repro,17
PREG,52 DAYS,NA,repro,23
PREG,53 DAYS,NA,repro,25
PREG,54 DAYS,NA,repro,28
PREG,55 DAYS,NA,repro,27
PREG,56 DAYS,NA,repro,10
PREG,57 DAYS,NA,repro,7
PREG,58 DAYS,NA,repro,11
PREG,59 DAYS,NA,repro,12
PREG,60 DAYS,NA,repro,10
PREG,61 DAYS,NA,repro,4
PREG,62 DAYS,NA,repro,9
PREG,63 DAYS,NA,repro,1
PREG,65 DAYS,NA,repro,2
PREG,66 DAYS,NA,repro,1
PREG,67 DAYS,NA,repro,2
PREG,68 DAYS,NA,repro,3
PREG,69 DAYS,NA,repro,1
PREG,71 DAYS,NA,repro,339
PREG,72 DAYS,NA,repro,288
PREG,73 DAYS,NA,repro,297
PREG,74 DAYS,NA,repro,292
PREG,75 DAYS,NA,repro,286
PREG,76 DAYS,NA,repro,328
PREG,77 DAYS,NA,repro,287
PREG,78 DAYS,NA,repro,6
PREG,79 DAYS,NA,repro,7
PREG,80 DAYS,NA,repro,4
PREG,81 DAYS,NA,repro,6
PREG,82 DAYS,NA,repro,3
PREG,83 DAYS,NA,repro,5
PREG,84 DAYS,NA,repro,5
PREG,85 DAYS,NA,repro,1
PREG,87 DAYS,NA,repro,2
PREG,88 DAYS,NA,repro,1
PREG,89 DAYS,NA,repro,1
PREG,90 DAYS,NA,repro,1
PREG,91 DAYS,NA,repro,1
PREG,92 DAYS,NA,repro,1
PREG,94 DAYS,NA,repro,1
PREG,97 DAYS,NA,repro,1
PREG,TW,NA,repro,6
PREG,TWIN,NA,repro,76
PREG,TWINS,NA,repro,1
PREG,TWINTWSH,NA,repro,1
PREG,TWSH,NA,repro,101
PREV,110 DAYS,NA,repro,2
PREV,115 DAYS,NA,repro,1
PREV,116 DAYS,NA,repro,1
PREV,122,NA,repro,1
PREV,123 DAYS,NA,repro,1
PREV,124 DAYS,NA,repro,1
PREV,128 DAYS,NA,repro,1
PREV,130 DAYS,NA,repro,1
PREV,137 DAYS,NA,repro,1
PREV,150,NA,repro,1
PREV,150 DAYS,NA,repro,1
PREV,175 DAYS,NA,repro,1
PREV,180 DAYS,NA,repro,1
PREV,220 DAYS,NA,repro,1
PREV,245 DAYS,NA,repro,1
PREV,250,NA,repro,1
PREV,32 DAYS,NA,repro,162
PREV,33 DAYS,NA,repro,45
PREV,34 DAYS,NA,repro,30
PREV,35 DAYS,NA,repro,40
PREV,36 DAYS,NA,repro,35
PREV,37 DAYS,NA,repro,63
PREV,38 DAYS,NA,repro,71
PREV,39 DAYS,NA,repro,24
PREV,40 DAYS,NA,repro,2
PREV,41 DAYS,NA,repro,5
PREV,42 DAYS,NA,repro,4
PREV,43 DAYS,NA,repro,4
PREV,44 DAYS,NA,repro,2
PREV,45,NA,repro,1
PREV,45 DAYS,NA,repro,14
PREV,46 DAYS,NA,repro,4
PREV,48 DAYS,NA,repro,2
PREV,49 DAYS,NA,repro,3
PREV,50 DAYS,NA,repro,3
PREV,51 DAYS,NA,repro,3
PREV,52 DAYS,NA,repro,3
PREV,53 DAYS,NA,repro,1
PREV,54 DAYS,NA,repro,2
PREV,55 DAYS,NA,repro,3
PREV,56 DAYS,NA,repro,2
PREV,58 DAYS,NA,repro,1
PREV,60 DAYS,NA,repro,3
PREV,62 DAYS,NA,repro,3
PREV,63 DAYS,NA,repro,4
PREV,64 DAYS,NA,repro,4
PREV,65 DAYS,NA,repro,5
PREV,66 DAYS,NA,repro,4
PREV,67 DAYS,NA,repro,4
PREV,70 DAYS,NA,repro,2
PREV,71 DAYS,NA,repro,1
PREV,72 DAYS,NA,repro,1
PREV,76 DAYS,NA,repro,1
PREV,78 DAYS,NA,repro,1
PREV,80 DAYS,NA,repro,2
PREV,83 DAYS,NA,repro,1
PREV,97 DAYS,NA,repro,1
PREV,TWIN,NA,repro,6
PREV,TWSH,NA,repro,3
RECK,0112,NA,repro,1
RECK,ADH,NA,repro,1
RECK,CYL,NA,repro,1
RECK,DEAD,NA,repro,1
RECK,F40,NA,repro,2
RECK,F90,NA,repro,1
RECK,FL 60,NA,repro,1
RECK,FL40,NA,repro,1
RECK,GNRH,NA,repro,11
RECK,LO,NA,repro,1
RECK,PP,NA,repro,248
RECK,SCARS,NA,repro,1
RECK,THREE,NA,repro,1
RECK,TVH,NA,repro,1
RECK,TW,NA,repro,1
RECK,TWIN,NA,repro,16
RECK,TWSH,NA,repro,150
RECK,UT,NA,repro,1
RECK,NA,NA,repro,164
RESULT,BHB/,BHB.Result,measure,1
RP,EXN3.25,EXENEL.IM,health,39
RP,PEN3.50,PEN G,health,171
RP,PLY3.25,POLYFLEX.IM,health,847
RP,PLY3.25+,POLYFLEX.IM,health,1
SALE,LAME,NA,unknown,1
SALE,ONE,NA,unknown,5
SALE,NA,NA,unknown,145
SOLD,10.25.25,NA,lact_parameter,1
SOLD,14,NA,lact_parameter,1
SOLD,2,NA,lact_parameter,18
SOLD,24 MAST,NA,lact_parameter,1
SOLD,3,NA,lact_parameter,4
SOLD,4,NA,lact_parameter,1
SOLD,ABORT,NA,lact_parameter,41
SOLD,ABORTED,NA,lact_parameter,2
SOLD,ANGUS,NA,lact_parameter,3
SOLD,BEEF,NA,lact_parameter,3
SOLD,BIG,NA,lact_parameter,2
SOLD,BLOOAT,NA,lact_parameter,1
SOLD,BLOODY,NA,lact_parameter,4
SOLD,BLOWNUDR,NA,lact_parameter,1
SOLD,BULL,NA,lact_parameter,1
SOLD,CANCER,NA,lact_parameter,1
SOLD,CANGRENE,NA,lact_parameter,2
SOLD,CANR,NA,lact_parameter,1
SOLD,CANSER,NA,lact_parameter,6
SOLD,CANSER.,NA,lact_parameter,1
SOLD,CAR16,NA,lact_parameter,3
SOLD,CAR17,NA,lact_parameter,697
SOLD,CAR2,NA,lact_parameter,8705
SOLD,CAR22,NA,lact_parameter,3
SOLD,CAR3,NA,lact_parameter,6
SOLD,CAR4,NA,lact_parameter,63
SOLD,CAR5,NA,lact_parameter,2
SOLD,CAR8,NA,lact_parameter,26
SOLD,CASER,NA,lact_parameter,2
SOLD,CENT,NA,lact_parameter,2
SOLD,CHRONIC,NA,lact_parameter,1
SOLD,CNR EYE,NA,lact_parameter,1
SOLD,CROSS,NA,lact_parameter,3
SOLD,DA,NA,lact_parameter,1
SOLD,DA NT,NA,lact_parameter,1
SOLD,DIARHEA,NA,lact_parameter,70
SOLD,DIGESTIV,NA,lact_parameter,1
SOLD,DIRHEA,NA,lact_parameter,1
SOLD,DOWN,NA,lact_parameter,7
SOLD,E-COLI,NA,lact_parameter,1
SOLD,ERPRO,NA,lact_parameter,1
SOLD,FAT,NA,lact_parameter,6
SOLD,FOOTROT,NA,lact_parameter,1
SOLD,FROST,NA,lact_parameter,2
SOLD,FROSTBIT,NA,lact_parameter,2
SOLD,INCHADA,NA,lact_parameter,1
SOLD,INJ,NA,lact_parameter,26
SOLD,INJURY,NA,lact_parameter,8
SOLD,LAME,NA,lact_parameter,51
SOLD,LAME.,NA,lact_parameter,2
SOLD,LEG,NA,lact_parameter,2
SOLD,LOBAG,NA,lact_parameter,1
SOLD,LOWBAG,NA,lact_parameter,2
SOLD,MASRT,NA,lact_parameter,1
SOLD,MAST,NA,lact_parameter,508
SOLD,MET B,NA,lact_parameter,2
SOLD,MT BEEF,NA,lact_parameter,1
SOLD,MUMMY,NA,lact_parameter,1
SOLD,NO MILK,NA,lact_parameter,4
SOLD,NO MINK,NA,lact_parameter,1
SOLD,NORHEN,NA,lact_parameter,9
SOLD,NORTHEN,NA,lact_parameter,1
SOLD,NORTHERN,NA,lact_parameter,8
SOLD,NORTHRN,NA,lact_parameter,1
SOLD,NOT HERE,NA,lact_parameter,1
SOLD,NOTHEN,NA,lact_parameter,133
SOLD,NOTHEN.,NA,lact_parameter,1
SOLD,NOTNEN,NA,lact_parameter,2
SOLD,PEOD,NA,lact_parameter,1
SOLD,PNEU,NA,lact_parameter,105
SOLD,PRO0D,NA,lact_parameter,1
SOLD,PROD,NA,lact_parameter,619
SOLD,PROED,NA,lact_parameter,1
SOLD,PS,NA,lact_parameter,40
SOLD,PZ DAIRY,NA,lact_parameter,39
SOLD,P[ROD,NA,lact_parameter,2
SOLD,REPOR,NA,lact_parameter,5
SOLD,REPORO,NA,lact_parameter,1
SOLD,REPPRO,NA,lact_parameter,1
SOLD,REPR4O,NA,lact_parameter,1
SOLD,REPRO,NA,lact_parameter,750
SOLD,REPROP,NA,lact_parameter,1
SOLD,REPRTO,NA,lact_parameter,1
SOLD,REP[RO,NA,lact_parameter,2
SOLD,RE[PRO,NA,lact_parameter,1
SOLD,SLCC,NA,lact_parameter,115
SOLD,SPLITS,NA,lact_parameter,1
SOLD,TENDINES,NA,lact_parameter,1
SOLD,TENDNES,NA,lact_parameter,1
SOLD,TENDONES,NA,lact_parameter,2
SOLD,UDDER,NA,lact_parameter,2
SOLD,UDR,NA,lact_parameter,1
SOLD,UGLY,NA,lact_parameter,1
SOLD,ULCERS,NA,lact_parameter,1
SOLD,ULSERAS,NA,lact_parameter,1
SOLD,XFAT,NA,lact_parameter,2
SOLD,NA,NA,lact_parameter,3663
SYSMAST,BIOMYCIN,Biomycin,health,48
SYSMAST,EXN3.25,EXENEL.SQ,health,460
SYSMAST,EXN3.25.,EXENEL.SQ,health,1
SYSMAST,SLC3LF,SPECTRA-LC.IM,health,6
SYSMAST,SLC3LF.,SPECTRA-LC.IM,health,38
SYSMAST,SLC3LFLR,SPECTRA-LC.IM,health,1
SYSMAST,SLC3LR,SPECTRA-LC.IM,health,6
SYSMAST,SLC3LR.,SPECTRA-LC.IM,health,38
SYSMAST,SLC3LRLF,SPECTRA-LC.IM,health,1
SYSMAST,SLC3LRRR,SPECTRA-LC.IM,health,1
SYSMAST,SLC3RF.,SPECTRA-LC.IM,health,38
SYSMAST,SLC3RFLF,SPECTRA-LC.IM,health,1
SYSMAST,SLC3RR,SPECTRA-LC.IM,health,7
SYSMAST,SLC3RR.,SPECTRA-LC.IM,health,35
SYSMAST,SLC3RRRF,SPECTRA-LC.IM,health,1
SYSMAST,SLCRRRF,SPECTRA-LC.IM,health,1
TEAT3,02/4RFRR,NA,management,1
TEAT3,02/4RRRF,NA,management,2
TEAT3,03/4.RR.,NA,management,1
TEAT3,1/4 LF,NA,management,2
TEAT3,1/4 RF,NA,management,1
TEAT3,2/4,NA,management,4
TEAT3,2/4 LFLR,NA,management,2
TEAT3,2/4 LFRF,NA,management,2
TEAT3,2/4 LRLF,NA,management,6
TEAT3,2/4 LRRR,NA,management,5
TEAT3,2/4 RFRR,NA,management,1
TEAT3,2/4 RRLR,NA,management,1
TEAT3,2/4 RRRF,NA,management,4
TEAT3,2/4LRRRR,NA,management,1
TEAT3,2TEAT,NA,management,1
TEAT3,3/4LF,NA,management,5
TEAT3,3/4LR,NA,management,6
TEAT3,3/4RF,NA,management,11
TEAT3,3/4RR,NA,management,6
TEAT3,34,NA,management,2
TEAT3,LF,NA,management,76
TEAT3,LF///,NA,management,1
TEAT3,LR,NA,management,48
TEAT3,LRLF 2/4,NA,management,1
TEAT3,RF,NA,management,86
TEAT3,RR,NA,management,58
TEAT3,NA,NA,management,5
TOAI,NA,NA,unknown,2461
TOCLOSE,NA,NA,management,8877
TOGROWR,NA,NA,management,3361
TRIM,WART,NA,health,1
TRIM,NA,NA,health,4889
VACC,-,Pre-Breeding,vac,55
VACC,-,NA,vac,65
VACC,0,Pre-Breeding,vac,1282
VACC,BOV_UL,Pre-Breeding,vac,1396
VACC,BOV_UL,NA,vac,66
VACC,EP10.UB7,NA,vac,2190
VACC,INFORCE,NA,vac,367
VACC,NASALGEN,NA,vac,920
VACC,TNGLE10,NA,vac,2679
VACC,NA,NA,vac,169
VACC3W,EXP10.UB,NA,vac,2255
VACC3W,NA,NA,vac,97
WART,WRAP3,WRAP,unknown,90
WEIGHTS,1004,NA,unknown,173
WEIGHTS,1031,NA,unknown,79
WEIGHTS,1033,NA,unknown,172
WEIGHTS,1035,NA,unknown,57
WEIGHTS,1037,NA,unknown,171
WEIGHTS,1038,NA,unknown,172
WEIGHTS,1052,NA,unknown,85
WEIGHTS,1063,NA,unknown,86
WEIGHTS,1095,NA,unknown,73
WEIGHTS,1114,NA,unknown,80
WEIGHTS,1116,NA,unknown,42
WEIGHTS,1131,NA,unknown,43
WEIGHTS,1172,NA,unknown,42
WEIGHTS,1178,NA,unknown,43
WEIGHTS,1180,NA,unknown,41
WEIGHTS,1187,NA,unknown,41
WEIGHTS,1190,NA,unknown,84
WEIGHTS,1192,NA,unknown,80
WEIGHTS,1193,NA,unknown,40
WEIGHTS,1195,NA,unknown,42
WEIGHTS,1198,NA,unknown,42
WEIGHTS,1200,NA,unknown,313
WEIGHTS,1201,NA,unknown,42
WEIGHTS,1205,NA,unknown,123
WEIGHTS,1221,NA,unknown,41
WEIGHTS,1225,NA,unknown,42
WEIGHTS,1230,NA,unknown,82
WEIGHTS,1231,NA,unknown,82
WEIGHTS,1233,NA,unknown,42
WEIGHTS,1242,NA,unknown,83
WEIGHTS,1243,NA,unknown,42
WEIGHTS,1244,NA,unknown,40
WEIGHTS,1251,NA,unknown,81
WEIGHTS,1252,NA,unknown,40
WEIGHTS,1254,NA,unknown,42
WEIGHTS,1260,NA,unknown,81
WEIGHTS,1261,NA,unknown,42
WEIGHTS,1262,NA,unknown,41
WEIGHTS,1269,NA,unknown,40
WEIGHTS,1278,NA,unknown,84
WEIGHTS,1279,NA,unknown,42
WEIGHTS,1287,NA,unknown,84
WEIGHTS,1290,NA,unknown,84
WEIGHTS,1294,NA,unknown,42
WEIGHTS,1297,NA,unknown,81
WEIGHTS,1298,NA,unknown,42
WEIGHTS,1302,NA,unknown,42
WEIGHTS,1372,NA,unknown,113
WEIGHTS,283,NA,unknown,132
WEIGHTS,285,NA,unknown,133
WEIGHTS,292,NA,unknown,131
WEIGHTS,305,NA,unknown,122
WEIGHTS,317,NA,unknown,105
WEIGHTS,324,NA,unknown,105
WEIGHTS,337,NA,unknown,125
WEIGHTS,342,NA,unknown,117
WEIGHTS,353,NA,unknown,101
WEIGHTS,355,NA,unknown,117
WEIGHTS,377,NA,unknown,97
WEIGHTS,396,NA,unknown,150
WEIGHTS,415,NA,unknown,113
WEIGHTS,419,NA,unknown,104
WEIGHTS,475,NA,unknown,80
WEIGHTS,484,NA,unknown,162
WEIGHTS,529,NA,unknown,159
WEIGHTS,557,NA,unknown,80
WEIGHTS,691,NA,unknown,157
WEIGHTS,692,NA,unknown,259
WEIGHTS,988,NA,unknown,92
WEIGHTS,991,NA,unknown,82
WEIGHTS,PEN10OIL,peng_oil,unknown,480
WEIGHTS,NA,NA,unknown,95
WELL,12,NA,management,1
WELL,6,NA,management,2
WELL,8,NA,management,1
WELL,FAT,NA,management,8
WELL,HEAT,NA,management,4
WELL,LAME,NA,management,1
WELL,LOCA,NA,management,3
WELL,WART,NA,management,1
WELL,NA,NA,management,6265
XID,28301,NA,management,1
XID,28302,NA,management,1
XID,28303,NA,management,1
XID,28306,NA,management,1
XID,6040,NA,management,1
